title,,,,,,,
삼성전자,,,,,,,
SK하이닉스,,,,,,,
현대차,,,,,,,
LG에너지솔루션,,,,,,,
삼성전자우,,,,,,,
삼성바이오로직스,,,,,,,
한화에어로스페이스,,,,,,,
HD현대중공업,,,,,,,
기아,,,,,,,
두산에너빌리티,,,,,,,
SK스퀘어,,,,,,,
KB금융,,,,,,,
삼성물산,,,,,,,
셀트리온,,,,,,,
한화오션,,,,,,,
현대모비스,,,,,,,
신한지주,,,,,,,
NAVER,,,,,,,
한국전력,,,,,,,
삼성생명,,,,,,,
HD현대일렉트릭,,,,,,,
고려아연,,,,,,,
HD한국조선해양,,,,,,,
POSCO홀딩스,,,,,,,
삼성중공업,,,,,,,
하나금융지주,,,,,,,
삼성SDI,,,,,,,
카카오,,,,,,,
LG화학,,,,,,,
현대로템,,,,,,,
삼성화재,,,,,,,
효성중공업,,,,,,,
삼성전기,,,,,,,
SK,,,,,,,
현대글로비스,,,,,,,
우리금융지주,,,,,,,
HD현대,,,,,,,
HMM,,,,,,,
메리츠금융지주,,,,,,,
미래에셋증권,,,,,,,
SK이노베이션,,,,,,,
포스코퓨처엠,,,,,,,
LG전자,,,,,,,
한화시스템,,,,,,,
KT&G,,,,,,,
한미반도체,,,,,,,
기업은행,,,,,,,
한국항공우주,,,,,,,
LS ELECTRIC,,,,,,,
삼성에피스홀딩스,,,,,,,
하이브,,,,,,,
삼성에스디에스,,,,,,,
TIGER 미국S&P500,,,,,,,
LG,,,,,,,
KT,,,,,,,
두산,,,,,,,
현대오토에버,,,,,,,
KODEX 200,,,,,,,
SK텔레콤,,,,,,,
LIG넥스원,,,,,,,
현대건설,,,,,,,
크래프톤,,,,,,,
포스코인터내셔널,,,,,,,
현대차2우B,,,,,,,
한국금융지주,,,,,,,
S-Oil,,,,,,,
카카오뱅크,,,,,,,
한화,,,,,,,
SK바이오팜,,,,,,,
대한항공,,,,,,,
삼양식품,,,,,,,
에이피알,,,,,,,
DB손해보험,,,,,,,
키움증권,,,,,,,
KODEX CD금리액티브(합성),,,,,,,
한진칼,,,,,,,
이수페타시스,,,,,,,
유한양행,,,,,,,
HD현대마린솔루션,,,,,,,
NH투자증권,,,,,,,
KODEX 머니마켓액티브,,,,,,,
KODEX 미국S&P500,,,,,,,
TIGER 미국나스닥100,,,,,,,
한국타이어앤테크놀로지,,,,,,,
삼성증권,,,,,,,
아모레퍼시픽,,,,,,,
두산로보틱스,,,,,,,
LG씨엔에스,,,,,,,
LS,,,,,,,
lg이노텍,,,,,,,
현대차우,,,,,,,
카카오페이,,,,,,,
LG유플러스,,,,,,,
포스코DX,,,,,,,
LG디스플레이,,,,,,,
삼성카드,,,,,,,
두산밥캣,,,,,,,
한미약품,,,,,,,
GS,,,,,,,
코웨이,,,,,,,